{
    "H": -14.501234614109999,
    "Mg": -1610.3054079392798,
    "N": -278.40725231891,
    "Be": -377.42700398116,
    "Li": -192.32942939514666,
    "C": -162.02378832532,
    "Al": -58.774623646239995,
    "Na": -1237.51711778384,
    "F": -665.37972108712,
    "B": -77.88716551448,
    "O": -444.97155759349994,
    "P": -184.296892917952,
    "Si": -110.78020975560001,
    "S": -295.251625956032,
    "Cl": -440.5675874547428
}